ID,Название,Цена,Дата
17995342,/ Часы наручные из золота 585 и стали с бриллиантами,"27 437 ₽ 159 990 ₽
с WB кошельком",10.06.24
4936195,"/ Часы наручные из золота 585 пробы, 238.01.00.000.03.01.2",63 305 ₽ 244 990 ₽,10.06.24
39713385,/ Часы наручные из золота 585 и стали с бриллиантами,"27 700 ₽ 139 990 ₽
с WB кошельком",10.06.24
17995344,/ Часы наручные из золота 585 и стали с бриллиантами,"27 700 ₽ 139 990 ₽
с WB кошельком",10.06.24
17995337,/ Часы наручные из золота 585 и стали,"35 385 ₽ 184 990 ₽
с WB кошельком",10.06.24
39713381,/ Часы наручные мужские из серебра 925,"10 128 ₽ 47 990 ₽
с WB кошельком",10.06.24
15113622,/ Часы наручные из золота 585 и стали 157.01.71.000.05.01.3,"20 577 ₽ 119 990 ₽
с WB кошельком",10.06.24
39713375,/ Часы наручные из золота 585 и стали с бриллиантами,"27 701 ₽ 149 990 ₽
с WB кошельком",10.06.24
83341640,"/ Часы наручные мужские из золота 585, 237.01.00.000.01.01.3",99 379 ₽ 394 990 ₽,10.06.24
83349213,"/ Часы наручные мужские из золота 585, 237.01.00.000.05.01.3",90 165 ₽ 389 990 ₽,10.06.24
158117256,/ Часы женские из серебра 925 пробы,"3 900 ₽ 10 180 ₽
с WB кошельком",10.06.24
174048040,/ Часы женские наручные из золота 585,82 005 ₽ 334 990 ₽,10.06.24
15113624,/ Часы наручные из золота 585 и стали с бриллиантами,"21 302 ₽ 94 990 ₽
с WB кошельком",10.06.24
158118221,/ Часы женские из серебра 925 пробы,"3 900 ₽ 10 180 ₽
с WB кошельком",10.06.24
4936190,"/ Часы наручные из золота 585 пробы, 238.01.00.000.01.01.2",59 837 ₽ 219 990 ₽,10.06.24
159115552,/ Ювелирные серебряные часы Перламутр 925 Израиль Бохо,"14 186 ₽ 25 360 ₽
с WB кошельком",10.08.24
237121269,/ Серебряные ювелирные часы Жемчуг 925 Израиль Бохо,"20 143 ₽ 34 590 ₽
с WB кошельком",10.08.24
231881931,/ Серебряные часы 925 пробы,"от  11 781 ₽ 14 300 ₽
с WB кошельком",10.14.24
4888493,"/ Часы наручные из золота 585 пробы, 238.01.00.000.07.05.2",65 074 ₽ 329 990 ₽,10.06.24
209711301,"/ Часы наручные кварцевые серебряные ""Злата""","10 459 ₽ 19 500 ₽
с WB кошельком",10.09.24
4333172,/ Часы наручные женские из золота 585,"35 879 ₽ 159 990 ₽
с WB кошельком",10.06.24
54772835,/ Часы наручные женские кварцевые из серебра,"20 838 ₽ 53 509 ₽
с WB кошельком",10.06.24
140981020,/ Часы наручные женские кварцевые из серебра,"15 964 ₽ 23 149 ₽
с WB кошельком",10.08.24
140935445,/ Часы наручные женские кварцевые из серебра,"15 964 ₽ 23 149 ₽
с WB кошельком",10.08.24
3906926,/ Часы наручные женские из серебра 925,"12 661 ₽ 59 990 ₽
с WB кошельком",10.06.24
54774814,/ Часы наручные женские кварцевые из серебра,"20 838 ₽ 53 509 ₽
с WB кошельком",10.06.24
3906936,/ Часы наручные женские из золота 585,"39 045 ₽ 159 990 ₽
с WB кошельком",10.06.24
3906927,/ Часы наручные женские из серебра 925,"11 474 ₽ 57 990 ₽
с WB кошельком",10.06.24
140979023,/ Часы наручные женские кварцевые из серебра,"15 964 ₽ 23 149 ₽
с WB кошельком",10.08.24
33057451,/ Часы наручные женские из серебра 925,"8 795 ₽ 28 990 ₽
с WB кошельком",10.06.24
33057449,/ Часы наручные женские из серебра 925,"7 846 ₽ 34 990 ₽
с WB кошельком",10.06.24
15113623,/ Часы наручные из золота 585 и стали с бриллиантами,"21 467 ₽ 104 990 ₽
с WB кошельком",10.06.24
4027191,/ Часы наручные женские из серебра 925,"10 088 ₽ 44 990 ₽
с WB кошельком",10.06.24
39713382,/ Часы наручные мужские из серебра 925,"11 474 ₽ 57 990 ₽
с WB кошельком",10.06.24
140936704,/ Часы наручные женские кварцевые из серебра,"15 964 ₽ 23 149 ₽
с WB кошельком",10.08.24
83356225,/ Часы наручные кварцевые из золота 585 пробы,118 861 ₽ 459 990 ₽,10.06.24
4936192,"/ Часы наручные из золота 585 пробы, 238.01.00.000.01.03.2",65 515 ₽ 234 990 ₽,10.06.24
140978121,/ Часы наручные женские кварцевые из серебра,"15 964 ₽ 23 149 ₽
с WB кошельком",10.08.24
165491821,"/ Часы наручные женские кварцевые золотые, серебряные","24 723 ₽ 37 957 ₽
с WB кошельком",10.09.24
26052344,/ Ювелирные часы с ониксом и марказитами Swarovski,"23 880 ₽ 102 200 ₽
с WB кошельком",10.06.24
174044117,/ Часы женские наручные из золота 585,89 757 ₽ 439 990 ₽,10.06.24
174044821,/ Часы женские наручные из золота 585,85 269 ₽ 329 990 ₽,10.06.24
174046126,/ Часы женские наручные из золота 585,82 243 ₽ 294 990 ₽,10.06.24
173927489,/ Часы наручные женские из золота 585,81 767 ₽ 324 990 ₽,10.06.24
173926802,/ Часы наручные женские из золота 585,79 557 ₽ 324 990 ₽,10.06.24
201885621,/ Часы наручные женские кварцевые из серебра,"30 486 ₽ 46 805 ₽
с WB кошельком",10.08.24
242254582,/ Мужские золотые часы Урал 52330.603,126 321 ₽ 195 000 ₽,10.08.24
242254584,/ Мужские золотые часы Урал 52330.515,126 321 ₽ 195 000 ₽,10.08.24
242254583,/ Мужские золотые часы Урал 52330.103,126 321 ₽ 195 000 ₽,10.08.24
242254568,/ Мужские золотые часы Урал 52330.703,126 321 ₽ 195 000 ₽,10.08.24
241682044,/ Мужские золотые часы Урал 51430.221,97 027 ₽ 133 500 ₽,10.08.24
241682049,/ Мужские золотые часы Урал 51430.515,97 027 ₽ 133 500 ₽,10.08.24
16108769,/ Часы наручные женские из серебра 925,"13 004 ₽ 57 990 ₽
с WB кошельком",10.06.24
201885450,/ Часы наручные женские кварцевые из серебра с золочением,"24 645 ₽ 42 883 ₽
с WB кошельком",10.08.24
180547098,/ Часы наручные женские кварцевые из серебра,"13 095 ₽ 24 414 ₽
с WB кошельком",10.08.24
201885464,/ Часы мужские наручные кварцевые золото серебро,59 961 ₽ 94 875 ₽,10.08.24
201885605,/ Часы наручные женские кварцевые из серебра,"17 714 ₽ 27 197 ₽
с WB кошельком",10.08.24
201885527,/ Часы наручные женские кварцевые из серебра,"30 486 ₽ 46 805 ₽
с WB кошельком",10.08.24
201885669,/ Часы наручные женские кварцевые из серебра,"19 527 ₽ 29 980 ₽
с WB кошельком",10.08.24
201885626,/ Часы мужские наручные кварцевые из серебра 925,"43 257 ₽ 66 412 ₽
с WB кошельком",10.08.24
250630318,/ Часы BASTET женские,17 165 ₽ 81 742 ₽,10.06.24
250630331,/ Часы BASTET женские,15 893 ₽ 75 684 ₽,10.06.24
250630319,/ Часы BASTET женские,14 621 ₽ 56 238 ₽,10.06.24
24880911,/ Часы золотые наручные Ника,305 573 ₽ 789 800 ₽,10.06.24
253008977,/ Мужские золотые часы Амур 56630.703,134 300 ₽ 170 000 ₽,10.08.24
253008978,/ Мужские золотые часы Амур 56630.503,134 300 ₽ 170 000 ₽,10.08.24
251847059,/ Мужские серебряные часы Урал 52300.221,"26 973 ₽ 35 200 ₽
с WB кошельком",10.08.24
157067764,/ Часы женские из серебра 925 пробы,"5 555 ₽ 7 250 ₽
с WB кошельком",10.06.24
138545195,/ часы наручные серебряные,"33 542 ₽ 51 497 ₽
с WB кошельком",10.09.24
201885656,/ Часы мужские наручные кварцевые из серебра 925,"43 257 ₽ 66 412 ₽
с WB кошельком",10.08.24
254379421,/ Ювелирные серебряные часы 925 Израиль Этника,"31 804 ₽ 51 880 ₽
с WB кошельком",10.08.24
254293186,/ Женские золотые часы Алисия 44530-1.120,"43 679 ₽ 57 000 ₽
с WB кошельком",10.08.24
254293184,/ Женские золотые часы Алисия 44530-1.505,"43 679 ₽ 57 000 ₽
с WB кошельком",10.08.24
254293165,/ Женские золотые часы Алисия 44530-1.111,"43 679 ₽ 57 000 ₽
с WB кошельком",10.08.24
254293181,/ Женские золотые часы Алисия 44530-1.410,"43 679 ₽ 57 000 ₽
с WB кошельком",10.08.24
254293173,/ Женские золотые часы Алисия 44530-1.608,"43 679 ₽ 57 000 ₽
с WB кошельком",10.08.24
201885531,/ Часы мужские наручные кварцевые из серебра 925,"34 358 ₽ 52 750 ₽
с WB кошельком",10.08.24
105910957,"/ Часы наручные серебряные, золотые кварцевые BICOLOR EGO",65 170 ₽ 97 052 ₽,10.09.24
52769230,/ Часы женские наручные серебряные с марказитами,"26 481 ₽ 67 996 ₽
с WB кошельком",10.06.24
74039945,/ Ювелирные часы,"18 691 ₽ 47 996 ₽
с WB кошельком",10.06.24
74039986,/ Ювелирные часы,"13 282 ₽ 41 684 ₽
с WB кошельком",10.06.24
252325748,/ Ювелирные серебряные часы Жадеит 925 Израиль Этника,"40 959 ₽ 70 330 ₽
с WB кошельком",10.08.24
100949953,/ Серебряные часы Ника,"12 100 ₽ 18 579 ₽
с WB кошельком",10.09.24
201885612,/ Часы наручные кварцевые из серебра,"30 238 ₽ 46 425 ₽
с WB кошельком",10.08.24
201885789,/ Часы наручные женские кварцевые из серебра,"22 658 ₽ 34 787 ₽
с WB кошельком",10.08.24
6667542,/ Часы женские наручные серебряные с марказитами,"14 280 ₽ 54 507 ₽
с WB кошельком",10.06.24
141255381,/ Часы золотого цвета,"14 025 ₽ 66 026 ₽
с WB кошельком",10.06.24
201885741,/ Часы наручные женские кварцевые из серебра,"17 714 ₽ 27 197 ₽
с WB кошельком",10.08.24
158114196,/ Часы женские из серебра 925 пробы,"5 555 ₽ 7 250 ₽
с WB кошельком",10.09.24
201885554,/ Часы наручные женские кварцевые золото серебро,"43 194 ₽ 70 460 ₽
с WB кошельком",10.08.24
201885609,/ Часы наручные женские кварцевые золото серебро,66 116 ₽ 104 615 ₽,10.08.24
201885538,/ Часы наручные женские механические из серебра 925,63 963 ₽ 95 254 ₽,10.08.24
201885578,/ Часы наручные женские механические из серебра 925,63 963 ₽ 95 254 ₽,10.08.24
201885865,/ Часы наручные женские механические из серебра 925,63 963 ₽ 95 254 ₽,10.08.24
201885810,/ Часы наручные женские механические из серебра 925,63 963 ₽ 95 254 ₽,10.08.24
201885827,/ Часы наручные женские кварцевые из золота 585,62 758 ₽ 99 302 ₽,10.08.24
201885869,/ Часы наручные женские кварцевые из розового золота 585,62 758 ₽ 99 302 ₽,10.08.24
201885877,/ Часы наручные женские кварцевые из розового золота 585,62 758 ₽ 99 302 ₽,10.08.24
201885440,/ Часы наручные женские кварцевые из розового золота 585,62 758 ₽ 99 302 ₽,10.08.24
201885690,/ Часы наручные женские кварцевые из розового золота 585,62 758 ₽ 99 302 ₽,10.08.24
201885807,/ Часы наручные женские кварцевые из золота 585,62 758 ₽ 99 302 ₽,10.08.24
201885636,/ Часы наручные женские кварцевые из золота 585,61 959 ₽ 98 037 ₽,10.08.24
201885439,/ Часы наручные женские кварцевые из золота 585,61 959 ₽ 98 037 ₽,10.08.24
201885492,/ Часы наручные женские кварцевые из золота 585,61 959 ₽ 98 037 ₽,10.08.24
201885830,/ Часы наручные женские кварцевые из золота 585,61 959 ₽ 98 037 ₽,10.08.24
201885508,/ Часы мужские наручные кварцевые золото серебро,59 961 ₽ 94 875 ₽,10.08.24
201885781,/ Часы мужские наручные кварцевые золото серебро,59 961 ₽ 94 875 ₽,10.08.24
201885534,/ Часы мужские наручные кварцевые золото серебро,59 961 ₽ 94 875 ₽,10.08.24
201885610,/ Часы мужские наручные кварцевые золото серебро,59 961 ₽ 94 875 ₽,10.08.24
201885752,/ Часы мужские наручные кварцевые золото серебро,59 961 ₽ 94 875 ₽,10.08.24
201885880,/ Часы мужские наручные кварцевые золото серебро,58 281 ₽ 92 218 ₽,10.08.24
201885596,/ Часы мужские наручные кварцевые золото серебро,58 281 ₽ 92 218 ₽,10.08.24
201885584,/ Часы мужские наручные кварцевые золото серебро,58 281 ₽ 92 218 ₽,10.08.24
201885778,/ Часы мужские наручные кварцевые золото серебро,58 281 ₽ 92 218 ₽,10.08.24
201885685,/ Часы мужские наручные кварцевые золото серебро,58 281 ₽ 92 218 ₽,10.08.24
201885836,/ Часы мужские наручные кварцевые золото серебро,58 281 ₽ 92 218 ₽,10.08.24
201885745,/ Часы мужские наручные кварцевые золото серебро,58 281 ₽ 92 218 ₽,10.08.24
201885803,/ Часы мужские наручные кварцевые золото серебро,"54 526 ₽ 94 875 ₽
с WB кошельком",10.08.24
201885488,/ Часы наручные женские кварцевые из золота 585,"53 121 ₽ 86 652 ₽
с WB кошельком",10.08.24
201885560,/ Часы наручные женские кварцевые золото и серебро,"53 121 ₽ 86 652 ₽
с WB кошельком",10.08.24
253456632,/ Ювелирные серебряные часы Жемчуг Циркон 925 Израиль,"17 667 ₽ 28 820 ₽
с WB кошельком",10.08.24
254604633,/ Ювелирные серебряные часы Циркон 925 Этника Израиль,"15 552 ₽ 25 370 ₽
с WB кошельком",10.08.24
231881932,/ Серебряные часы 925 пробы,"от  11 781 ₽ 14 300 ₽
с WB кошельком",10.14.24
109702527,/ серебряные часы Ника 1020.2.9,"21 035 ₽ 32 295 ₽
с WB кошельком",10.09.24
24880909,/ Часы наручные золотые 585 Ника,311 339 ₽ 789 800 ₽,10.06.24
18085568,/ Золотые часы Ника,157 101 ₽ 298 900 ₽,10.06.24
105910281,/ Часы золотые,65 170 ₽ 97 052 ₽,10.09.24
158094258,/ Часы женские из серебра 925 пробы,"5 555 ₽ 7 250 ₽
с WB кошельком",10.09.24
109705611,/ серебряные часы Ника 1020.2.9,"21 035 ₽ 32 295 ₽
с WB кошельком",10.09.24
158094260,/ Часы женские из серебра 925 пробы,"5 555 ₽ 7 250 ₽
с WB кошельком",10.09.24
254326731,/ Ювелирные серебряные часы 925 Израиль Этника,"41 301 ₽ 63 410 ₽
с WB кошельком",10.08.24
246996448,/ Ювелирные серебряные часы 925 Израиль Этника,"33 791 ₽ 51 880 ₽
с WB кошельком",10.08.24
252540259,/ Ювелирные серебряные часы Гранат 925 Израиль Бохо,"22 530 ₽ 34 590 ₽
с WB кошельком",10.08.24
139882288,/ Часы наручные золотые 1375.0.19.51A.B,"52 360 ₽ 80 388 ₽
с WB кошельком",10.09.24
81315951,/ Часы наручные Qwill серебро 925 пробы,"15 644 ₽ 26 944 ₽
с WB кошельком",10.06.24
81319331,/ Серебряные часы Qwill наручные из серебра,"15 644 ₽ 26 944 ₽
с WB кошельком",10.06.24
158113241,/ Часы женские из серебра 925 пробы,"5 555 ₽ 7 250 ₽
с WB кошельком",10.09.24
9027626,/ Серебряные ювелирные часы Опал 925 Израиль Этника,"19 582 ₽ 34 570 ₽
с WB кошельком",10.06.24
201885824,/ Часы наручные женские кварцевые из золота 585,136 711 ₽ 216 315 ₽,10.08.24
201885582,/ Часы наручные женские кварцевые из золота 585,136 711 ₽ 216 315 ₽,10.08.24
201885711,/ Часы наручные женские кварцевые из золота 585,136 711 ₽ 216 315 ₽,10.08.24
201885683,/ Часы наручные женские кварцевые из золота 585,133 513 ₽ 211 255 ₽,10.08.24
201885673,/ Часы наручные женские кварцевые из серебра,"38 482 ₽ 50 220 ₽
с WB кошельком",10.08.24
206742616,/ Часы наручные женские кварцевые из серебра,"38 482 ₽ 50 220 ₽
с WB кошельком",10.08.24
35768945,/ Часы наручные женские кварцевые из серебра,"30 238 ₽ 46 425 ₽
с WB кошельком",10.08.24
252170628,/ Золотые часы Чайка,"44 726 ₽ 72 960 ₽
с WB кошельком",10.09.24
217202116,/ Часы наручные серебряные,"12 744 ₽ 18 480 ₽
с WB кошельком",10.09.24
238000280,/ Ювелирные серебряные часы Лабрадор Этника 925 Израиль,"21 204 ₽ 34 590 ₽
с WB кошельком",10.08.24
185962156,/ Часы наручные золотые кварцевые с кожаным ремешком,"41 276 ₽ 76 950 ₽
с WB кошельком",10.09.24
24880902,/ Часы наручные золотые 585 Ника,393 477 ₽ 598 900 ₽,10.06.24
201384057,/ Часы наручные золотые 1375.0.39.81A.B,"52 360 ₽ 80 388 ₽
с WB кошельком",10.09.24
219531657,/ Часы золотые,"39 526 ₽ 72 650 ₽
с WB кошельком",10.09.24
135789750,/ Ювелирные часы Ника 0325.0.91,"24 292 ₽ 37 297 ₽
с WB кошельком",10.09.24
104176181,/ Часы наручные серебряные,"20 710 ₽ 31 796 ₽
с WB кошельком",10.09.24
122050188,/ серебряные часы QWILL 6170.0.9,"18 440 ₽ 24 065 ₽
с WB кошельком",10.09.24
105617985,/ серебряные часы QWILL 6170.0.9,"18 440 ₽ 24 065 ₽
с WB кошельком",10.09.24
220178100,/ Мужские серебряные часы,"33 287 ₽ 43 440 ₽
с WB кошельком",10.09.24
129303417,"/ Часы наручные золотые, серебряные кварцевые LADY","43 187 ₽ 66 305 ₽
с WB кошельком",10.09.24
124421453,/ Часы мужские наручные серебряные CELEBRITY,"41 664 ₽ 63 966 ₽
с WB кошельком",10.09.24
262523010,/ Часы золотые с бриллиантами,60 040 ₽ 76 000 ₽,10.09.24
263132192,/ Женские серебряные часы,"21 470 ₽ 28 019 ₽
с WB кошельком",10.09.24
165491822,"/ Часы наручные женские кварцевые золотые, серебряные","24 723 ₽ 37 957 ₽
с WB кошельком",10.09.24
104210723,/ Часы наручные серебряные,"32 079 ₽ 49 252 ₽
с WB кошельком",10.09.24
139882549,"/ Часы наручные кварцевые золотые, серебряные","24 723 ₽ 37 957 ₽
с WB кошельком",10.09.24
198592463,/ Часы золотые,"38 969 ₽ 72 650 ₽
с WB кошельком",10.09.24
167724423,/ Часы наручные мужские кварцевые серебряные,"33 867 ₽ 51 996 ₽
с WB кошельком",10.09.24
185958749,/ Часы золотые,"38 969 ₽ 72 650 ₽
с WB кошельком",10.09.24
180915165,"/ Часы наручные золотые кварцевые ""Нежность""","41 276 ₽ 76 950 ₽
с WB кошельком",10.09.24
209724705,"/ Часы женские наручные золотые ""Ритм""",79 316 ₽ 125 500 ₽,10.09.24
227470160,"/ Часы наручные золотые кварцевые ""Нежность""","44 814 ₽ 76 950 ₽
с WB кошельком",10.09.24
227480667,/ Часы наручные золотые кварцевые с кожаным ремешком,"44 814 ₽ 76 950 ₽
с WB кошельком",10.09.24
227470418,"/ Часы наручные золотые кварцевые ""Нежность""","43 045 ₽ 76 950 ₽
с WB кошельком",10.09.24
227498434,"/ Часы наручные золотые кварцевые ""Нежность""","43 045 ₽ 76 950 ₽
с WB кошельком",10.09.24
180915166,/ Часы наручные золотые кварцевые с кожаным ремешком,"41 276 ₽ 76 950 ₽
с WB кошельком",10.09.24
180915186,/ Часы золотые,"39 526 ₽ 72 650 ₽
с WB кошельком",10.09.24
183184509,/ Часы золотые,"38 969 ₽ 72 650 ₽
с WB кошельком",10.09.24
183183799,/ Часы золотые,"38 969 ₽ 72 650 ₽
с WB кошельком",10.09.24
196640419,/ Часы золотые,"38 969 ₽ 72 650 ₽
с WB кошельком",10.09.24
192167200,/ Часы золотые,"38 969 ₽ 72 650 ₽
с WB кошельком",10.09.24
190375489,/ Часы золотые,"38 969 ₽ 72 650 ₽
с WB кошельком",10.09.24
104029544,"/ НИКА, Часы наручные золотые кварцевые ""VIVA""",61 860 ₽ 92 123 ₽,10.09.24
104027338,"/ НИКА, Часы наручные золотые кварцевые ""VIVA""",61 860 ₽ 92 123 ₽,10.09.24
139882577,"/ НИКА, Часы наручные золотые кварцевые ""VIVA""",61 860 ₽ 92 123 ₽,10.09.24
139882416,"/ Часы наручные серебряные кварцевые ""Казино""","49 948 ₽ 76 684 ₽
с WB кошельком",10.09.24
103591136,/ Часы наручные золотые кварцевые SLIMLINE,131 601 ₽ 195 981 ₽,10.09.24
103591963,/ Часы наручные золотые кварцевые SLIMLINE,131 601 ₽ 195 981 ₽,10.09.24
105706815,/ Часы наручные золотые кварцевые LADY,97 164 ₽ 144 698 ₽,10.09.24
105708545,/ Часы наручные золотые кварцевые LADY,97 164 ₽ 144 698 ₽,10.09.24
140056975,/ Часы наручные золотые кварцевые,95 115 ₽ 141 646 ₽,10.09.24
105879943,/ Часы наручные золотые кварцевые,95 115 ₽ 141 646 ₽,10.09.24
105445210,/ Золотые часы,111 821 ₽ 166 525 ₽,10.09.24
105445151,/ Золотые часы,111 821 ₽ 166 525 ₽,10.09.24
103620204,/ Часы наручные золотые,61 860 ₽ 92 123 ₽,10.09.24
103611671,/ Золотые часы,61 860 ₽ 92 123 ₽,10.09.24
103613189,/ Часы наручные золотые,61 860 ₽ 92 123 ₽,10.09.24
103613607,/ Часы наручные золотые,61 860 ₽ 92 123 ₽,10.09.24
103628073,/ Золотые часы,61 860 ₽ 92 123 ₽,10.09.24
139977453,/ Часы наручные золотые 1375.0.19.81A.B,"52 360 ₽ 80 388 ₽
с WB кошельком",10.09.24
103821602,/ Серебряные часы,"29 806 ₽ 45 761 ₽
с WB кошельком",10.09.24
105614747,/ серебряные часы QWILL 6170.0.9,"18 440 ₽ 24 065 ₽
с WB кошельком",10.09.24
103681108,/ Серебряные часы,"41 664 ₽ 63 966 ₽
с WB кошельком",10.09.24
103681750,/ Серебряные часы,"41 664 ₽ 63 966 ₽
с WB кошельком",10.09.24
103681242,/ Серебряные часы,"41 664 ₽ 63 966 ₽
с WB кошельком",10.09.24
122106215,"/ Часы наручные золотые, серебряные кварцевые LADY","43 187 ₽ 66 305 ₽
с WB кошельком",10.09.24
200739513,/ НИКА часы наручные серебряные,79 063 ₽ 100 081 ₽,10.09.24
207048048,/ Часы золотые наручные,74 986 ₽ 111 670 ₽,10.09.24
216895088,/ Серебряные часы,"25 555 ₽ 41 820 ₽
с WB кошельком",10.06.24
216895089,/ Часы женские наручные серебряные с марказитами,от  85 503 ₽ 135 720 ₽,10.06.24
74039952,/ Часы женские наручные серебряные с марказитами,"40 006 ₽ 65 468 ₽
с WB кошельком",10.06.24
82285873,/ Часы наручные серебряные 925 Ника,83 695 ₽ 97 890 ₽,10.06.24
